{
  "A fresh verification link has been sent to your email address.": "새로운 확인 링크가 당신의 이메일 주소로 보내졌습니다.",
  "All rights reserved.": "무단 전재 금지.",
  "Before proceeding, please check your email for a verification link.": "계속하기 전에 이메일에서 확인 링크를 확인하십시오.",
  "click here to request another": "여기를 클릭하여 다른 것을 요청하십시오.",
  "Confirm Password": "비밀번호 확인",
  "E-Mail Address": "E-Mail 주소",
  "Forbidden": "금지",
  "Forgot Your Password?": "비밀번호를 잊으셨나요?",
  "Go Home": "시작으로 이동",
  "Hello!": "안녕하세요!",
  "If you did not create an account, no further action is required.": "계정을 생성하지 않았다면 추가 조치가 필요하지 않습니다.",
  "If you did not request a password reset, no further action is required.": "귀하께서 비밀번호 재설정을 요청하지 않으셨다면, 더이상 진행하지 마십시오.",
  "If you did not receive the email": "이메일을 받지 못한 경우",
  "If you’re having trouble clicking the \":actionText\" button, copy and paste the URL below\ninto your web browser: [:actionURL](:actionURL)": "\":actionText\" 단추를 클릭하는 데 문제가 있는 경우 아래 URL을 복사하여\n웹 브라우저에 붙여 넣으십시오: [:actionURL](:actionURL)",
  "Invalid signature.": "잘못된 시그니처.",
  "Login": "로그인",
  "Logout": "로그아웃",
  "Name": "이름",
  "Not Found": "찾을 수 없습니다",
  "Oh no": "안 돼",
  "Page Expired": "만료된 페이지",
  "Password": "비밀번호",
  "Please click the button below to verify your email address.": "이메일 주소를 확인하려면 아래 버튼을 클릭하십시오.",
  "Please confirm your password before continuing.": "계속하기 전에 암호를 확인하십시오.",
  "Register": "회원가입",
  "Regards": "안부",
  "Remember Me": "로그인 상태 유지",
  "Reset Password": "비밀번호 재설정",
  "Reset Password Notification": "비밀번호 재설정 알림",
  "Send Password Reset Link": "비밀번호 재설정 링크 보내기",
  "Server Error": "서버 에러",
  "Service Unavailable": "서비스를 사용할 수 없습니다.",
  "This action is unauthorized.": "이 조치는 승인되지 않습니다.",
  "This password reset link will expire in :count minutes.": "이 비밀번호 재설정 링크는 :count분 후에 만료됩니다.",
  "Toggle navigation": "토글 네비게이션",
  "Too Many Attempts.": "너무 많은 시도들.",
  "Too Many Requests": "너무 많은 요청들",
  "Unauthorized": "무허가",
  "Verify Email Address": "이메일 주소 확인",
  "Verify Your Email Address": "너의 이메일 주소 확인",
  "You are receiving this email because we received a password reset request for your account.": "귀하의 계정에 비밀번호 재설정이 요청되어 해당 메일이 발송되었습니다.",
  "Your email address is not verified.": "이메일 주소가 확인되지 않습니다.",
  "Whoops!": "Oups !"
}
