{
  "A fresh verification link has been sent to your email address.": "Doğrulama linki email adresinize gönderilmiştir.",
  "All rights reserved.": "Tüm hakları saklıdır.",
  "Before proceeding, please check your email for a verification link.": "İşlemden önce doğrulama linki için email adresinizi kontrol ediniz.",
  "click here to request another": "başka bir istek için buraya tıklayınız.",
  "Confirm Password": "Parola Onayı",
  "E-Mail Address": "E-posta Adresi",
  "Error": "Hata",
  "Forbidden": "Yasaklı",
  "Forgot Your Password?": "Parolanızı mı Unuttunuz?",
  "Go Home": "Eve Git",
  "Hello!": "Merhaba!",
  "hi": "selam",
  "If you did not create an account, no further action is required.": "Kullanıcı oluşturmadıysanız, bu mesajı güvenle silebilirsiniz.",
  "If you did not receive the email": "Eğer email size ulaşmadıysa",
  "If you did not request a password reset, no further action is required.": "Parola talebinde bulunmadıysanız, bu mesajı güvenle silebilirsiniz.",
  "If you’re having trouble clicking the \":actionText\" button, copy and paste the URL below\ninto your web browser: [:actionURL](:actionURL)": "Eğer \":actionText\" butonuna basarken bir sorun yaşadıysanız, [:actionURL](:actionURL) linki koplayayıp tarayıcınızın url çubuğuna yapıştırınız.",
  "Invalid signature.": "Geçersiz imza.",
  "Login": "Giriş",
  "Logout": "Çıkış",
  "Name": "İsim",
  "Not Found": "Bulunamadı",
  "Oh no": "Oh hayır",
  "Page Expired": "Sayfa süresi doldu",
  "Page Not Found": "Sayfa bulunamadı",
  "Password": "Parola",
  "Please click the button below to verify your email address.": "Lütfen email adresinizi doğrulamak için butona basınız.",
  "Please confirm your password before continuing.": "Lütfen devam etmeden önce şifreyi doğrulayınız.",
  "Regards": "Saygılarımızla",
  "Register": "Kayıt Ol",
  "Remember Me": "Beni Hatırla",
  "Reset Password": "Parola Sıfırlama",
  "Reset Password Notification": "Parola Unuttum Bildirimi",
  "Send Password Reset Link": "Parola Unuttum Bildirimi Gönder",
  "Server Error": "Sunucu hatası",
  "Service Unavailable": "Hizmet kullanılamıyor",
  "This action is unauthorized.": "Bu işlem geçersiz.",
  "Sorry, the page you are looking for could not be found.": "Üzgünüz, aradığınız sayfa bulunamadı.",
  "Sorry, you are forbidden from accessing this page.": "Üzgünüz, bu sayfaya erişiminiz yasak.",
  "Sorry, you are making too many requests to our servers.": "Üzgünüz, sunucularımız için çok fazla istek yapıyorsunuz.",
  "Sorry, you are not authorized to access this page.": "Üzgünüz, bu sayfaya erişim yetkiniz yok.",
  "Sorry, your session has expired. Please refresh and try again.": "Üzgünüz, oturumunuzun süresi doldu. Lütfen yenileyin ve tekrar deneyin.",
  "Sorry, we are doing some maintenance. Please check back soon.": "Üzgünüz, bakımdayız. Lütfen kısa süre sonra tekrar kontrol edin.",
  "This password reset link will expire in :count minutes.": "Şifre yenileme linki :count süre sonra geçersiz olacak.",
  "Toggle navigation": "Menüyü gizle",
  "Too Many Attempts.": "Çok Fazla Denendi.",
  "Too Many Requests": "Çok Fazla İstek",
  "Unauthorized": "Yetkisiz",
  "Verify Email Address": "E-Mail Adresi Doğrulama",
  "Verify Your Email Address": "E-Mail Adresini Doğrulayınız",
  "We won't ask for your password again for a few hours.": "Birkaç saatliğine tekrardan şifre sormayacağız.",
  "You are receiving this email because we received a password reset request for your account.": "Parola unuttuğunuzu belirttiğiniz için bu sıfırlama mesajı gönderilmiştir.",
  "Your email address is not verified.": "Email adresiniz doğrulanmadı.",
  "Whoops!": "Ops!",
  "Whoops, something went wrong on our servers.": "Ops, sunucumuzda bir şeyler ters gitti."
}
